,corpname,title,requirement,rank,link
0,株式会社イノベーター・ジャパン,クライアントWebメディアや自社CMS/ECプロダクトを開発するPHPエンジニア募集【残業16.7H】,"・Web開発(サーバサイドエンジニア) 実務１年以上
・PHP 実務１年以上",B,https://paiza.jp/career/job_offers/10266?from=list
1,Prop Tech plus株式会社,【フルリモート×裁量労働制で自由な働き方を実現！】不動産×金融の自社パッケージ開発★バックエンドエンジニア,"・Web開発(サーバサイドエンジニア) 実務１年以上
・Java 実務１年以上
・Spring 実務１年以上",B,https://paiza.jp/career/job_offers/10244?from=list
2,株式会社Scene Live,【自社×SaaS】サービスの安定稼働と業務効率を向上させる仕組みを作るSRE募集！,"・Web開発(サーバサイドエンジニア) 実務１年以上
・Web開発(フロントエンドエンジニア) 実務１年以上",C,https://paiza.jp/career/job_offers/10245?from=list
3,株式会社Scene Live,【自社×SaaS】サービスの安定稼働と業務効率を向上させる仕組みを作るSRE募集！,"・Web開発(サーバサイドエンジニア) 実務１年以上
・Web開発(フロントエンドエンジニア) 実務１年以上",B,https://paiza.jp/career/job_offers/10246?from=list
4,株式会社Scene Live,【自社×SaaS】サービスの安定稼働と業務効率を向上させる仕組みを作るSRE募集！,"・Web開発(サーバサイドエンジニア) 実務１年以上
・Web開発(フロントエンドエンジニア) 実務１年以上",A,https://paiza.jp/career/job_offers/10247?from=list
5,株式会社コーワメックス,安定した環境でスキルアップを実現！自動車部品等の設計開発【C言語／制御系エンジニア】,・制御組込み系開発 実務１年以上,C,https://paiza.jp/career/job_offers/10241?from=list
6,株式会社Scene Live,【自社サービス×フルスタック】自ら開発も携わりたいPL/PM募集！入社後即PL/PMも可能！,"・Web開発(サーバサイドエンジニア) 実務１年以上
・Web開発(フロントエンドエンジニア) 実務１年以上",A,https://paiza.jp/career/job_offers/10250?from=list
7,株式会社ツールラボ,顧客数12000名以上★メール配信スタンド『MyASP』のエンジニア募集中！【在宅可／原則定時退社】愛知,"・Web開発(サーバサイドエンジニア) 実務１年以上
・PHP 実務１年以上",A,https://paiza.jp/career/job_offers/10235?from=list
8,プライマルホールディングス株式会社,自社開発★イノベーションを活性化させるツール・アプリ開発／上流〜下流まで携わるITエンジニア【リモート可】,・業界経験 実務１年以上,C,https://paiza.jp/career/job_offers/10236?from=list
9,アクセンチュア株式会社,次世代型ソリューション構築をEnd to endで支援　★SAPコンサルタント／エンジニア,・ABAP 実務１年以上,B,https://paiza.jp/career/job_offers/10224?from=list
10,株式会社Xenoma,自社サービス★ソフトウェアエンジニア／洗える次世代スマートアパレル開発【残業平均20H／時差出勤OK】,"・Web開発(サーバサイドエンジニア) 実務１年以上
・Java 実務１年以上",A,https://paiza.jp/career/job_offers/10176?from=list
11,株式会社Xenoma,自社開発★スマートフォンアプリ開発エンジニア／洗える次世代スマートアパレル開発【残業少／時差出勤OK】,"・スマートフォンアプリ開発(ソーシャルゲーム含む) 実務１年以上
・Swift 実務１年以上",A,https://paiza.jp/career/job_offers/10177?from=list
12,株式会社ワンズパワー,【SE（インフラ）】リーダー候補／やりたい事・叶えたい事を社員全員で考え、支援しています！,・業界経験 実務１年以上,A,https://paiza.jp/career/job_offers/10144?from=list
13,株式会社ワンズパワー,UI／UX開発を担うフロントエンドエンジニア★バックエンドの知識も身につく環境【残業18h以下】,・Web開発(フロントエンドエンジニア) 実務１年以上,A,https://paiza.jp/career/job_offers/10141?from=list
14,株式会社ワンズパワー,金融／製造業／建築業向けシステムのサーバサイド開発★リーダー候補として活躍！【残業18h以下／リモート可】,・Web開発(サーバサイドエンジニア) 実務１年以上,A,https://paiza.jp/career/job_offers/10140?from=list
15,株式会社ワンズパワー,エンジニアの理想のキャリア形成をサポート★金融系システムのインフラ設計・構築【残業18h以下】,"・インフラ設計 実務１年以上
・インフラ構築 実務１年以上",A,https://paiza.jp/career/job_offers/10143?from=list
16,株式会社Techouse,社員データのDX化を加速させる新規プロダクト開発★フロントエンドエンジニア【社長が現役エンジニア】,・Web開発(フロントエンドエンジニア) 実務１年以上,A,https://paiza.jp/career/job_offers/10153?from=list
17,アクセンチュア株式会社,プライム案件で幅広い技術を身につける★ソフトウェアエンジニア／在宅可・残業20h（札幌）,"・Web開発(サーバサイドエンジニア) 実務１年以上
・Web開発(フロントエンドエンジニア) 実務１年以上
・Java 実務１年以上",B,https://paiza.jp/career/job_offers/10151?from=list
18,株式会社Techouse,社員データのDX化を加速させる新規プロダクト開発★サーバサイドエンジニア【社長が現役エンジニア】,・Web開発(サーバサイドエンジニア) 実務１年以上,A,https://paiza.jp/career/job_offers/10156?from=list
19,株式会社フィックスターズ,★在宅勤務★ソフトウェア高速化ソリューションをあなたの手で,"・制御組込み系開発 趣味or実務１年未満
・C++ 実務１年以上",A,https://paiza.jp/career/job_offers/10148?from=list
20,株式会社Techouse,社員データのDX化を加速させる新規プロダクト開発★インフラエンジニア【社長が現役エンジニア】,"・インフラ設計 実務１年以上
・インフラ構築 実務１年以上",A,https://paiza.jp/career/job_offers/10157?from=list
21,株式会社Scene Live,【自社サービス×フルスタック】より良いサービス・モノづくりをしていきたいWEBエンジニア募集！,"・Web開発(フロントエンドエンジニア) 実務１年以上
・Web開発(サーバサイドエンジニア) 実務１年以上",B,https://paiza.jp/career/job_offers/6174?from=list
22,アクセンチュア株式会社,プライム案件で幅広い技術を身につける★ソフトウェアエンジニア／在宅可・残業20h,"・Web開発(サーバサイドエンジニア) 実務１年以上
・Web開発(フロントエンドエンジニア) 実務１年以上
・Java 実務１年以上",B,https://paiza.jp/career/job_offers/10092?from=list
23,株式会社Mono Works,【在宅勤務】Webアプリケーション開発エンジニア ◆充実の休暇制度,・業界経験 実務１年以上,A,https://paiza.jp/career/job_offers/10097?from=list
24,株式会社スカイアーチHRソリューションズ,パブリッククラウドに対する遠隔での運用・保守【年間休日129日／フルリモート／残業少】クラウドエンジニア,"・インフラ設計 実務１年以上
・インフラ構築 実務１年以上",B,https://paiza.jp/career/job_offers/10086?from=list
25,株式会社アクセス,【自社製品100％】スマホアプリ開発のプログラマ★年間休日120日以上×残業平均2.8h！服装自由,・業界経験 実務１年以上,A,https://paiza.jp/career/job_offers/10063?from=list
26,株式会社oliva,【Webアプリエンジニア】開発メンバー大募集／実装スキルを身につけやすい／平均月残業15時間未満,・Web開発(サーバサイドエンジニア) 実務１年以上,B,https://paiza.jp/career/job_offers/9135?from=list
27,東洋株式会社,北海道・帯広★常駐なし！／Webアプリ開発【IUターン歓迎／腰を据えて働ける／安定の経営基盤】プログラマ,"・業界経験 実務１年以上
・PHP, JavaScript, C＃, Java のいずれか 実務１年以上",B,https://paiza.jp/career/job_offers/10046?from=list
28,株式会社エー・アイ・エムスタッフ,Javaまたは何らかの言語での開発実務経験1.5年以上あるプログラマー募集！【経験者】,"・Web開発(サーバサイドエンジニア) 実務１年以上
・Web開発(フロントエンドエンジニア) 実務１年以上",C,https://paiza.jp/career/job_offers/10026?from=list
29,株式会社フォースリー,WebトラッキングシステムをAI領域へ引き上げ新システムを創造！Web広告系バックエンドエンジニア募集,・Web開発(サーバサイドエンジニア) 実務１年以上,A,https://paiza.jp/career/job_offers/8908?from=list
30,株式会社ハンモック,100％自社製品開発【企業向けセキュリティパッケージの開発／残業ほぼなし】C#またはC++エンジニア,・業界経験 実務１年以上,A,https://paiza.jp/career/job_offers/739?from=list
31,株式会社経営工学研究所,【代表もエンジニア】C++プログラマ募集◎待遇改善できます／寮も用意可能です【エンジニアドリブンの会社】,・業界経験 実務１年以上,C,https://paiza.jp/career/job_offers/5161?from=list
32,システム・プロダクト株式会社,証券・金融系のWeb開発プロジェクトが中心【定着率90%／月平均残業10H／在宅勤務80%】,・業界経験 実務１年以上,B,https://paiza.jp/career/job_offers/9885?from=list
33,システム・プロダクト株式会社,定着率90%◎証券・金融業界を中心としたWeb開発【残業少／スキルアップ】Web開発エンジニア,・業界経験 実務１年以上,B,https://paiza.jp/career/job_offers/9886?from=list
34,ハイブリィド株式会社,【Ruby経験が豊富な方歓迎！！】ITコンサルやお客様と一緒によりよいサービスを築く★シニアエンジニア,"・業界経験 実務１年以上
・Ruby, Java, PHP, JavaScript のいずれか 実務１年以上",A,https://paiza.jp/career/job_offers/9873?from=list
35,株式会社三恵クリエス,◆Web面談可能◆スキルチェンジ歓迎！！【スマホアプリエンジニア】Android・iOS,"・業界経験 実務１年以上
・システム設計 趣味or実務１年未満
・プログラムコーディング 実務１年以上",B,https://paiza.jp/career/job_offers/9879?from=list
36,株式会社リアルグローブ,【Node.js／Reactで自社サービス開発／東大発ベンチャー／残業30H以内】開発エンジニア募集！,"・Web開発(サーバサイドエンジニア) 実務１年以上
・Web開発(フロントエンドエンジニア) 実務１年以上",A,https://paiza.jp/career/job_offers/8463?from=list
37,株式会社Scene Live,【自社サービス×フルスタック】より良いサービス・モノづくりをしていきたいWEBエンジニア募集！,・業界経験 実務１年以上,C,https://paiza.jp/career/job_offers/6173?from=list
38,株式会社Stock,【1億円資金調達したスタートアップ】情報共有ツール「Stock」の「Androidアプリエンジニア」募集！,・スマートフォンアプリ開発(ソーシャルゲーム含む) 実務１年以上,B,https://paiza.jp/career/job_offers/9810?from=list
39,株式会社Stock,【1億円資金調達したスタートアップ】情報共有ツール「Stock」の「iOSアプリエンジニア」募集！,・スマートフォンアプリ開発(ソーシャルゲーム含む) 実務１年以上,B,https://paiza.jp/career/job_offers/9784?from=list
40,ユニークビジョン株式会社,【完全自社内】凄腕の技術者集団◎レベルアップしたいエンジニア急募！【少数精鋭／Rust】開発,・業界経験 実務１年以上,A,https://paiza.jp/career/job_offers/9692?from=list
41,株式会社アイセル,働きやすさ◎受託・自社開発◎Webシステム開発エンジニア【残業20h程度／カフェスペースあり】,・Java 実務１年以上,B,https://paiza.jp/career/job_offers/7963?from=list
42,株式会社アイセル,働きやすさ◎受託・自社開発◎システムエンジニア【残業20h程度／カフェスペースあり／PHP・VBA】,・PHP 実務１年以上,B,https://paiza.jp/career/job_offers/9759?from=list
43,株式会社アテック,スキルチェンジ歓迎★次世代自動車に携わる！新プロジェクトに参画・組み込みエンジニア/東京,・業界経験 実務１年以上,C,https://paiza.jp/career/job_offers/9732?from=list
44,株式会社フィックスターズ,ロボット関連技術を活かしたい方におすすめ　ロボットシステム開発エンジニア,"・制御組込み系開発 実務１年以上
・C++ 実務１年以上",A,https://paiza.jp/career/job_offers/9706?from=list
45,株式会社コスモストーク,【実務1年以上】ベテランエンジニアから直接学べる環境★技術を身につけてSE・PLを目指したい開発,"・Web開発(サーバサイドエンジニア) 実務１年以上
・Web開発(フロントエンドエンジニア) 実務１年以上",B,https://paiza.jp/career/job_offers/9712?from=list
46,株式会社コスモストーク,【原則定時退社】ECサイトの機能改修などお任せ／基本設計や要件定義にチャレンジしたいPHPエンジニア募集！,"・業界経験 実務１年以上
・PHP 実務１年以上",B,https://paiza.jp/career/job_offers/9671?from=list
47,株式会社ＦＤＳホールディングス,【北海道】自社開発★ユーザーの反応を見れる環境で開発！フロントエンドエンジニア【フレックス／原則定時退社】,"・Web開発(フロントエンドエンジニア) 実務１年以上
・JavaScript 実務１年以上",B,https://paiza.jp/career/job_offers/9662?from=list
48,ユニファ株式会社,テクノロジーの力で家族をもっと豊かにしたい！Androidアプリエンジニア募集！,"・スマートフォンアプリ開発(ソーシャルゲーム含む) 実務１年以上
・Kotlin 趣味or実務１年未満",B,https://paiza.jp/career/job_offers/9670?from=list
49,株式会社コンセプトアートテクノロジーズ,アパレル縫製工場を支えるサービス開発（iOS担当）【コアメンバー／グローバル】,"・スマートフォンアプリ開発(ソーシャルゲーム含む) 実務１年以上
・Kotlin, Java, Swift, Objective-C のいずれか 実務１年以上",B,https://paiza.jp/career/job_offers/8917?from=list
50,株式会社テクノリンク,プログラムスキルを活かせる★システム開発〜運用支援【大手案件多数／キャリアアップ】開発エンジニア,・業界経験 実務１年以上,C,https://paiza.jp/career/job_offers/9645?from=list
51,株式会社ライテックス,アプリケーション開発経験者（Web系）経歴により優遇手当あり,"・Web開発(サーバサイドエンジニア) 実務１年以上
・Web開発(フロントエンドエンジニア) 実務１年以上",B,https://paiza.jp/career/job_offers/8732?from=list
52,株式会社TakeFunSystem,【Webエンジニア・システムエンジニア】「こんなに陽気で、面白い会社があるなんて！」ときっと驚く,"・Web開発(サーバサイドエンジニア) 実務１年以上
・Java 実務１年以上",C,https://paiza.jp/career/job_offers/9624?from=list
53,株式会社TakeFunSystem,【BPM・AP開発エンジニア】「こんなにも陽気で、明るくて、面白い会社があるなんて！」と、きっと驚く,"・Web開発(サーバサイドエンジニア) 実務１年以上
・Java 実務１年以上",B,https://paiza.jp/career/job_offers/9625?from=list
54,かっこ株式会社,上場1年目の決済セキュリティトップの自社プロダクト開発をしたいエンジニア募集！,"・Web開発(サーバサイドエンジニア) 実務１年以上
・Java 実務１年以上",A,https://paiza.jp/career/job_offers/9574?from=list
55,アイチケット株式会社,東京◎医療系 自社サービスの開発 ★サーバーサイドエンジニア募集（インフラ・SRE 経験者優遇！）,"・Web開発(サーバサイドエンジニア) 実務１年以上
・Ruby on Rails 実務１年以上",B,https://paiza.jp/career/job_offers/9553?from=list
56,アイチケット株式会社,大阪◎医療系 自社サービスの開発 ★サーバーサイドエンジニア募集（インフラ・SRE 経験者）,"・Web開発(サーバサイドエンジニア) 実務１年以上
・Ruby on Rails 実務１年以上",B,https://paiza.jp/career/job_offers/9554?from=list
57,株式会社ジェーシーインターナショナルトレード,【WEBエンジニア募集！】ECサイトやウェブメディアでのフロントエンド構築エンジニア募集！,・業界経験 実務１年以上,B,https://paiza.jp/career/job_offers/9533?from=list
58,株式会社フィエルテ,経験言語不問★Pythonエンジニア【会計業務のオートメーション化/自然言語処理を応用したプロダクト開発,・業界経験 実務１年以上,B,https://paiza.jp/career/job_offers/7351?from=list
59,株式会社ジェーシーインターナショナルトレード,【トレンドのEC関連事業！】自社サービス開発におけるインフラエンジニア募集です！！,・Web開発(サーバサイドエンジニア) 実務１年以上,B,https://paiza.jp/career/job_offers/9534?from=list
60,株式会社アテック,スキルチェンジ歓迎★次世代自動車に携わる！新プロジェクトに参画・組み込みエンジニア,・業界経験 実務１年以上,C,https://paiza.jp/career/job_offers/9504?from=list
61,株式会社ミトラ,自社開発★新規プロジェクト★香川勤務【残業少／ＵＩＪターン大歓迎】,・Web開発(フロントエンドエンジニア) 実務１年以上,A,https://paiza.jp/career/job_offers/6013?from=list
62,株式会社UNLESS,スキルチェンジ歓迎★不動産テック系サービス開発◎場所・時間の働き方が自由な職場です！【Webエンジニア】,"・Web開発(サーバサイドエンジニア) 実務１年以上
・Web開発(フロントエンドエンジニア) 実務１年以上",A,https://paiza.jp/career/job_offers/9436?from=list
63,株式会社カラダノート,【日本テクノロジー Fast50】成長率400%企業のiOS・Androidアプリ開発を牽引！,"・スマートフォンアプリ開発(ソーシャルゲーム含む) 実務１年以上
・Kotlin, Java, Swift, Objective-C のいずれか 実務１年以上",B,https://paiza.jp/career/job_offers/9444?from=list
64,株式会社アイデミー,AIプログラミング学習サービスをグロースさせる【働き方自由／勉強会盛ん】インフラバックエンドエンジニア,"・Web開発(サーバサイドエンジニア) 実務１年以上
・インフラ構築 実務１年以上
・インフラ設計 実務１年以上
・TypeScript 趣味or実務１年未満",B,https://paiza.jp/career/job_offers/9345?from=list
65,株式会社フィンプラネット,【自社サービス開発】FinTech業界を革新する！日本唯一のプロダクト開発【リモート勤務OK】,・Web開発(フロントエンドエンジニア) 実務１年以上,A,https://paiza.jp/career/job_offers/9361?from=list
66,株式会社D2C,【ドコモ×電通 戦略企業】インフラ・クラウドエンジニア（広告配信システム ）,"・業界経験 実務１年以上
・インフラ設計 実務１年以上
・インフラ構築 実務１年以上",C,https://paiza.jp/career/job_offers/9295?from=list
67,株式会社リンクエッジ,【Ruby】エンジニア部門立ち上げ【Webアプリケーションエンジニア】,・Ruby 実務１年以上,B,https://paiza.jp/career/job_offers/6156?from=list
68,株式会社ジーアイソフト,【原則定時退社／自社内受託】裁量の大きいシステム開発◎提案から運用まで全工程お任せします！【SE／和歌山】,・業界経験 実務１年以上,C,https://paiza.jp/career/job_offers/9263?from=list
69,株式会社ランドスケイプ,＜スキルチェンジ＞日本最大級のDBを扱う業務系アプリエンジニア★PLなどキャリアアップも可能◎,・Web開発(フロントエンドエンジニア) 実務１年以上,B,https://paiza.jp/career/job_offers/9245?from=list
70,株式会社ランドスケイプ,820万拠点という巨大なDBを保有！大企業との取引がメインの安定企業◎DB開発エンジニア＜スキルチェンジ＞,・業界経験 実務１年以上,B,https://paiza.jp/career/job_offers/9246?from=list
71,株式会社ゼアー,スキルチェンジ歓迎★昇給スピードのはやさが魅力！さまざまな業種の案件豊富【開発エンジニア／サーバサイド】,"・業界経験 実務１年以上
・PHP 趣味or実務１年未満",A,https://paiza.jp/career/job_offers/9203?from=list
72,株式会社ハッシャダイ,スキルチェンジ歓迎★カスタマーサポートを自動化する！チャットブーストの開発エンジニア◎にぎやかな職場環境,"・Web開発(サーバサイドエンジニア) 実務１年以上
・PHP 趣味or実務１年未満",A,https://paiza.jp/career/job_offers/9195?from=list
73,三和システム株式会社,ゴルフITリーディングカンパニー◎自社ERPパッケージ開発【UIターン・スキルチェンジ歓迎／茨城本社】,・業界経験 実務１年以上,B,https://paiza.jp/career/job_offers/9190?from=list
74,株式会社北國銀行,【フロントエンドエンジニア／石川】地方銀行のお客様向けシステム開発◎アジャイル【原則定時退社・副業可】,"・Web開発(フロントエンドエンジニア) 実務１年以上
・JavaScript 実務１年以上
・Vue.js 趣味or実務１年未満",B,https://paiza.jp/career/job_offers/9182?from=list
75,株式会社北國銀行,【原則定時退社／リモート勤務可】地方銀行のお客様向けシステム開発◎副業OK【サーバサイドエンジニア】,"・Web開発(サーバサイドエンジニア) 実務１年以上
・C＃ 実務１年以上",B,https://paiza.jp/career/job_offers/9188?from=list
76,株式会社北國銀行,【サーバサイドエンジニア／石川】地方銀行のお客様向けシステム開発◎副業OK【原則定時退社／リモート勤務可】,"・Web開発(サーバサイドエンジニア) 実務１年以上
・C＃ 実務１年以上",B,https://paiza.jp/career/job_offers/9184?from=list
77,株式会社北國銀行,【在宅OK／原則定時退社】地方銀行のインターネットバンキング開発◎アジャイル【フロントエンドエンジニア】,"・Web開発(フロントエンドエンジニア) 実務１年以上
・JavaScript 実務１年以上
・Vue.js 趣味or実務１年未満",B,https://paiza.jp/career/job_offers/9186?from=list
78,株式会社オーバードライブ,【ボードゲーム総合情報サイト＆受託案件】経験2～4年のPG・SE募集！受託で広く/自社で深い成長機会を,・Web開発(サーバサイドエンジニア) 実務１年以上,B,https://paiza.jp/career/job_offers/6019?from=list
79,みんなのマーケット株式会社,【Node.js / Python】人と出張サービスのマッチングを支えるバックエンドエンジニア募集！,"・Web開発(サーバサイドエンジニア) 実務１年以上
・システム設計 実務１年以上",A,https://paiza.jp/career/job_offers/7019?from=list
80,みんなのマーケット株式会社,【Angular／福利厚生／フレックス】人と出張サービスのマッチングを支えるフロントエンドエンジニア募集,"・Web開発(フロントエンドエンジニア) 実務１年以上
・JavaScript 実務１年以上",A,https://paiza.jp/career/job_offers/6238?from=list
81,みんなのマーケット株式会社,【スタートアップ x Swift】サービスECを便利にするiOSエンジニアを大募集！,・スマートフォンアプリ開発(ソーシャルゲーム含む) 実務１年以上,A,https://paiza.jp/career/job_offers/1390?from=list
82,みんなのマーケット株式会社,【スタートアップ x Kotlin】サービスECを便利にするAndroidエンジニアを大募集！,・スマートフォンアプリ開発(ソーシャルゲーム含む) 実務１年以上,A,https://paiza.jp/career/job_offers/1482?from=list
83,株式会社BONX,【BONXを加速させる】Backend (Go)エンジニアを募集します！,"・Web開発(サーバサイドエンジニア) 実務１年以上
・Go言語 実務１年以上",B,https://paiza.jp/career/job_offers/9077?from=list
84,株式会社BONX,【BONXのさらなる成長】Backend(Ruby/RoR)エンジニアを募集します！,"・Web開発(サーバサイドエンジニア) 実務１年以上
・Ruby 実務１年以上",B,https://paiza.jp/career/job_offers/9079?from=list
85,株式会社アイモバイル,フラットな組織で活躍のチャンス！【アドプラットフォーム開発】サーバーサイドエンジニア スキルチェンジ歓迎,・業界経験 実務１年以上,B,https://paiza.jp/career/job_offers/9031?from=list
86,株式会社GSI,【大阪】【転勤無し！】【SE・PG】【20～30代が活躍！】【スキルチェンジ】Webエンジニア,・業界経験 実務１年以上,C,https://paiza.jp/career/job_offers/9048?from=list
87,株式会社アイモバイル,最先端技術による動画広告配信スマホアプリ開発【100％自社内／品質重視】SDKエンジニア 経験豊かな方歓迎,・スマートフォンアプリ開発(ソーシャルゲーム含む) 実務１年以上,B,https://paiza.jp/career/job_offers/9032?from=list
88,株式会社ジーニング,＜スキルチェンジ歓迎／エンジニアドリブンな開発環境＞自社メディア開発・情報解析◎サーバサイド【PHP】,・Web開発(サーバサイドエンジニア) 実務１年以上,A,https://paiza.jp/career/job_offers/9021?from=list
89,株式会社グルコース,ワークライフバランス抜群！【Python】サーバサイド／フロントエンドエンジニア【6ヶ月後正社員雇用あり】,"・Python2, Python3, Ruby, C++, Java のいずれか 実務１年以上",A,https://paiza.jp/career/job_offers/9015?from=list
90,インフォームシステム株式会社,【PHP開発エンジニア】★自社Webサービス開発プログラマ募集！大阪市内勤務・転勤無し・在宅ワーク可,・業界経験 実務１年以上,A,https://paiza.jp/career/job_offers/5828?from=list
91,株式会社ディーインクリエイティブ,【自社内開発／大手案件多数】Webサイトの立ち上げに特化して開発～運用をサポートする【PHPエンジニア】,"・Web開発(サーバサイドエンジニア) 実務１年以上
・PHP 実務１年以上",C,https://paiza.jp/career/job_offers/8999?from=list
92,レクソル株式会社,【物流×IT】自社サービスの物流システム開発◎物流分野でさらなるスキルを磨こう！【SE／静岡】,・業界経験 実務１年以上,A,https://paiza.jp/career/job_offers/8989?from=list
93,株式会社エックスポイントワン,【京都】アプリ開発エンジニア（WEBアプリ／ネイティブアプリ）※様々なアプリをゼロから企画・開発できます,"・スマートフォンアプリ開発(ソーシャルゲーム含む) 実務１年以上
・Web開発(サーバサイドエンジニア) 趣味or実務１年未満",A,https://paiza.jp/career/job_offers/5526?from=list
94,株式会社D2C dot,有名アプリの開発から運用まで！iOSアプリの開発エンジニア募集！！勤務時間・服装・イヤホンも自由！,"・スマートフォンアプリ開発(ソーシャルゲーム含む) 実務１年以上
・Swift 実務１年以上
・受託開発(自社内開発) 実務１年以上",A,https://paiza.jp/career/job_offers/8915?from=list
95,株式会社リンクネット,金沢勤務★大手案件をワンストップ開発！【少数精鋭／フレックス／転勤なし】プログラマー,・業界経験 実務１年以上,C,https://paiza.jp/career/job_offers/1850?from=list
96,株式会社アースリンク,プライム案件多数★B2B／スキルに合わせたプロジェクトにジョイン【エンジニアドリブン】システムエンジニア,"・業界経験 実務１年以上
・Java 実務１年以上",B,https://paiza.jp/career/job_offers/8880?from=list
97,株式会社アルテクナ,【残業少】大手企業の極秘プロジェクトにも関わることも！幅広く経験積めます★プログラマ（関東・中部・関西）,・業界経験 実務１年以上,C,https://paiza.jp/career/job_offers/8876?from=list
98,株式会社スカイシア,IUターン歓迎★Webから組込みまで様々なソフトウェア開発に携われる！【東京・愛知／副業可】開発エンジニア,・業界経験 趣味or実務１年未満,A,https://paiza.jp/career/job_offers/8603?from=list
99,株式会社ドリームフロンティア,少数精鋭◎最高の仲間たちと面白いことを形に＜金融、官公庁、流通系・・・業界問わずキャリア積める＞SE／PG,・業界経験 実務１年以上,B,https://paiza.jp/career/job_offers/8829?from=list
100,株式会社EPARKグルメ,Androidアプリエンジニア◎外食事業に特化した便利サービスを開発※現在在宅稼働中となります,"・業界経験 実務１年以上
・Kotlin, Java のいずれか 趣味or実務１年未満",B,https://paiza.jp/career/job_offers/8832?from=list
101,ヒューテックサービス株式会社,若手歓迎★広島◎オープン系システム開発・保守【ワークライフバランスあり】SE・PG,・業界経験 実務１年以上,C,https://paiza.jp/career/job_offers/8774?from=list
102,株式会社アスク,デジタル教材に興味のある方歓迎★英語・中国語など語学学習コンテンツの開発エンジニア【アスクグループ】,・業界経験 実務１年以上,C,https://paiza.jp/career/job_offers/8783?from=list
103,芸者東京株式会社,【ゲームエンジニア】 [自社サービス開発/ゲーム業界経験不問/服装自由],・業界経験 実務１年以上,A,https://paiza.jp/career/job_offers/8771?from=list
104,株式会社トレストーレス,案件多数★ネットワークサーバの設計・構築・運用【残業少／教育制度充実】サーバ・クラウドエンジニア,・業界経験 実務１年以上,C,https://paiza.jp/career/job_offers/8773?from=list
105,株式会社トレストーレス,上場企業や大手SIer等★アナタのスキルに合った案件に携われます！【残業少／教育制度充実】開発エンジニア,・業界経験 実務１年以上,C,https://paiza.jp/career/job_offers/8772?from=list
106,スタジオ・ウミ（ニチカレ株式会社）,注目の本格派CMS専門会社◎アナタの得意を活かしたプロジェクトに参画【東京／チーム開発】Webエンジニア,・業界経験 実務１年以上,B,https://paiza.jp/career/job_offers/5558?from=list
107,スタジオ・ウミ（ニチカレ株式会社）,滋賀★注目のCMS専門会社で得意を活かしたプロジェクト参画【IUターン歓迎／チーム開発】Webエンジニア,・業界経験 実務１年以上,B,https://paiza.jp/career/job_offers/5557?from=list
108,株式会社ソフトワイズ,急成長中◎スキルに合わせたプロジェクトに携われる【チーム開発／残業少】SE・PG,・業界経験 実務１年以上,B,https://paiza.jp/career/job_offers/8765?from=list
109,BAMV合同会社,バックエンドからのスキルチェンジを想定したフロントエンドエンジニア　求人,"・業界経験 実務１年以上
・JavaScript 趣味or実務１年未満",B,https://paiza.jp/career/job_offers/8726?from=list
110,株式会社カナエジオマチックス,愛知・IUターン歓迎◎地理情報システムのプログラム改修・設計・保守【OJTあり／C++】,"・業界経験 実務１年以上
・C++ 趣味or実務１年未満",A,https://paiza.jp/career/job_offers/8752?from=list
111,BAMV合同会社,【7月採用】スキルチェンジ者向け基礎から重視のJavaバックエンドエンジニア,・業界経験 実務１年以上,B,https://paiza.jp/career/job_offers/8725?from=list
112,株式会社シーエスワン,自社プロダクト★アフターサービス業務システムCSOne【少数精鋭／ワークライフバランス重視】PG/SE,・業界経験 実務１年以上,D,https://paiza.jp/career/job_offers/8716?from=list
113,株式会社シーエスワン,自社プロダクト★アフターサービス業務システムCSOne【少数精鋭／ワークライフバランス重視】PM／上級SE,・業界経験 実務１年以上,D,https://paiza.jp/career/job_offers/8715?from=list
114,株式会社キューブシステム,プライム案件◎腰を据えて大手プロジェクトに参画できる【充実の福利厚生／安定の経営基盤】開発エンジニア,・業界経験 実務１年以上,B,https://paiza.jp/career/job_offers/8737?from=list
115,株式会社GSI,【福岡】【転勤なし】【20～30代が活躍！】【残業平均20H程度】Webエンジニア　※スキルチェンジ歓迎,・業界経験 実務１年以上,C,https://paiza.jp/career/job_offers/8721?from=list
116,アミフィアブル株式会社,【企画段階から開発プロジェクトに携わりたい方】顧客の課題解決を担うリードエンジニア候補,・業界経験 実務１年以上,B,https://paiza.jp/career/job_offers/8693?from=list
117,株式会社マネージ・ソフト,山梨勤務◎大手メーカー案件多数！ソフト開発・システム設計【UIターン歓迎／離職率低】SE・PG,・業界経験 実務１年以上,C,https://paiza.jp/career/job_offers/8696?from=list
118,アミフィアブル株式会社,AIやスポーツ分野等「夢×IT」で急成長中のベンチャー企業でインフラエンジニア募集,・業界経験 実務１年以上,A,https://paiza.jp/career/job_offers/8695?from=list
119,株式会社キューブシステム,プライム案件◎腰を据えて大手プロジェクトに参画できる【充実の福利厚生／安定の経営基盤】開発エンジニア,・業界経験 実務１年以上,B,https://paiza.jp/career/job_offers/8663?from=list
120,株式会社スフィアネット,プログラマ★技術力でエンドユーザーの売上に貢献！【福岡・IUターン歓迎／ITシステム専門集団にジョイン】,"・業界経験 実務１年以上
・C＃, PHP, Java のいずれか 趣味or実務１年未満",A,https://paiza.jp/career/job_offers/8672?from=list
121,パーソル パナソニック HRパートナーズ株式会社,大阪・IUターン歓迎◎スキルに合わせたプロジェクトに参画【スキルアップ／充実の福利厚生】開発エンジニア,"・業界経験 実務１年以上
・C, Java, C++, PHP, C＃ のいずれか 実務１年以上",C,https://paiza.jp/career/job_offers/8610?from=list
122,株式会社日本フェニックス,スキル・キャリアアップ◎さまざまな業界のシステム開発を担う【金融・不動産・物流系プロジェクト】PG,・プログラムコーディング 実務１年以上,C,https://paiza.jp/career/job_offers/8546?from=list
123,株式会社唐沢農機サービス,長野勤務：農機業界のIT化を目指すWebプログラマー★PHP【残業なし/プライベート充実/IUターン歓迎】,"・Web開発(サーバサイドエンジニア) 実務１年以上
・PHP 実務１年以上",C,https://paiza.jp/career/job_offers/1292?from=list
124,株式会社CLOCK・IT,コアメンバー◎プロジェクト多数！キャリアステップ可能！【OJTあり／充実の福利厚生】サーバサイドエンジニア,"・Web開発(サーバサイドエンジニア) 実務１年以上
・PHP, Java, C＃ のいずれか 実務１年以上",B,https://paiza.jp/career/job_offers/8415?from=list
125,京葉コンピューターサービス株式会社,千葉勤務◎【医療×システム】医療系学術団体運営へのシステム開発☆中途エンジニア,"・Web開発(サーバサイドエンジニア) 実務１年以上
・Java 実務１年以上",B,https://paiza.jp/career/job_offers/8390?from=list
126,株式会社ZAQ,ワークライフバランス良◎生命保険会社向けシステムの開発【スキルアップ・キャリアアップ】SE・PG,"・業界経験 実務１年以上
・Java 実務１年以上
・要件定義 実務１年以上",B,https://paiza.jp/career/job_offers/8317?from=list
127,株式会社ユービーセキュア,国内シェアNo.1◎セキュリティプロダクトの開発を担う【OJTスタート／完全自社】プロダクトエンジニア,"・Web開発(サーバサイドエンジニア) 実務１年以上
・Java 実務１年以上",B,https://paiza.jp/career/job_offers/8254?from=list
128,株式会社バニッシュ・スタンダード,【ファッション×IT】自社ECソリューションの企画・開発＜少数精鋭／コアメンバー＞バックエンドエンジニア,・Web開発(サーバサイドエンジニア) 実務１年以上,A,https://paiza.jp/career/job_offers/5220?from=list
129,株式会社Libry,【EdTech自社プロダクト】教育に革新を与えるフロントエンドエンジニア,"・業界経験 実務１年以上
・プログラムコーディング 実務１年以上",A,https://paiza.jp/career/job_offers/2762?from=list
130,株式会社ASO,【ほんわか面談】遊びもしっかり！ 適度に働きませんか？ 【Webエンジニア】,・業界経験 実務１年以上,C,https://paiza.jp/career/job_offers/8156?from=list
131,株式会社龍野情報システム,【100%自社開発】【ICT×教育】eラーニングシステムのフロントエンドエンジニア,・業界経験 実務１年以上,A,https://paiza.jp/career/job_offers/8138?from=list
132,株式会社ENGI,【急募！！】遊技機向け映像・組み込みｴﾝｼﾞﾆｱ　※ゲーム業界経験者大歓迎！！,"・制御組込み系開発 実務１年以上
・C++ 趣味or実務１年未満",C,https://paiza.jp/career/job_offers/8099?from=list
133,株式会社グランネット,大阪・IUターン歓迎★社内向けWebシステム／社外向けサービス開発【エンジニアドリブン】Webエンジニア,"・Web開発(サーバサイドエンジニア) 実務１年以上
・PHP 実務１年以上",B,https://paiza.jp/career/job_offers/8097?from=list
134,株式会社エースプロ,パチンコ業界に特化◎Webシステム開発【コアメンバー／秋葉原勤務／ワークライフバランス良】Webエンジニア,"・Web開発(サーバサイドエンジニア) 実務１年以上
・Web開発(フロントエンドエンジニア) 実務１年以上",A,https://paiza.jp/career/job_offers/8059?from=list
135,BAMV合同会社,基礎から重視のサーバサイドエンジニア,"・業界経験 実務１年以上
・プログラムコーディング 趣味or実務１年未満
・テスト 趣味or実務１年未満",B,https://paiza.jp/career/job_offers/8034?from=list
136,株式会社アイモバイル,【フルサイクル志向歓迎】iOSアプリエンジニア募集【Swift/OpenGL/Objective-C】,"・スマートフォンアプリ開発(ソーシャルゲーム含む) 実務１年以上
・Objective-C 実務１年以上",A,https://paiza.jp/career/job_offers/8015?from=list
137,BAMV合同会社,くいっぱぐれそうにないフロントエンドエンジニアの経歴を作ろう！求人,"・業界経験 実務１年以上
・プログラムコーディング 趣味or実務１年未満
・テスト 趣味or実務１年未満",B,https://paiza.jp/career/job_offers/8025?from=list
138,株式会社Fusic,【福岡◎100%自社開発！】テストエンジニア 〇株式会社Fusic〇,・テスト 実務１年以上,A,https://paiza.jp/career/job_offers/8004?from=list
139,株式会社アイモバイル,【フルサイクル志向歓迎】Androidアプリエンジニア募集【Kotlin/OpenGL/Java】,"・スマートフォンアプリ開発(ソーシャルゲーム含む) 実務１年以上
・Java 実務１年以上",A,https://paiza.jp/career/job_offers/7985?from=list
140,アイハーツ株式会社,自社◎コスプレイヤー向けSNSアプリ『コスらぼっ！』開発【ワークライフバランス良】スマホアプリエンジニア,・スマートフォンアプリ開発(ソーシャルゲーム含む) 実務１年以上,C,https://paiza.jp/career/job_offers/7969?from=list
141,株式会社ネオジニア,【大阪勤務】エンジニア至上主義！働きやすい環境づくりで個人のスキルアップを目指しませんか？,"・Web開発(サーバサイドエンジニア) 実務１年以上
・SQL 実務１年以上
・プログラムコーディング 実務１年以上",C,https://paiza.jp/career/job_offers/2921?from=list
142,ウェディングパートナー株式会社,100%自社内／横浜勤務／コアメンバー◎上場企業のプライム案件開発！【残業少／海外出張あり】プログラマ,"・Web開発(フロントエンドエンジニア) 実務１年以上
・PHP 実務１年以上",C,https://paiza.jp/career/job_offers/7907?from=list
143,マイクロクラフト株式会社,岡山◎コントロール用ソフトウェア開発【エンジニア中心／評価制度あり／残業少】ソフトウェアエンジニア,・Web開発(サーバサイドエンジニア) 実務１年以上,B,https://paiza.jp/career/job_offers/7879?from=list
144,株式会社システムクエスト,【残業少】あなたに合わせたスキルアップ★Java開発エンジニア【若手歓迎】,・Java 実務１年以上,C,https://paiza.jp/career/job_offers/2691?from=list
145,株式会社インゲージ,【大阪・Ruby】大阪発スタートアップSaaS企業の自社サービス開発【残業少】,・Ruby 実務１年以上,B,https://paiza.jp/career/job_offers/7847?from=list
146,株式会社インゲージ,【大阪・Swift】自社開発サービスのiOSアプリ開発エンジニア【残業少／スタートアップ】,・スマートフォンアプリ開発(ソーシャルゲーム含む) 実務１年以上,B,https://paiza.jp/career/job_offers/7848?from=list
147,株式会社ビジョンクリエイト,あなたのスキルにあった開発で更なる成長を！◎オープン系・組込制御系システムの開発　大阪／IUターン歓迎,・業界経験 実務１年以上,D,https://paiza.jp/career/job_offers/7761?from=list
148,株式会社サイバーエージェント,AbemaTVやAWAなどの自社アプリ開発 Androidエンジニア募集,・スマートフォンアプリ開発(ソーシャルゲーム含む) 実務１年以上,A,https://paiza.jp/career/job_offers/7802?from=list
149,株式会社ビジョンクリエイト,あなたのスキルにあった開発で更なる成長を！◎オープン系・組込制御系システムの開発　都内勤務／IUターン歓迎,・業界経験 実務１年以上,C,https://paiza.jp/career/job_offers/7762?from=list
150,株式会社coly,Unityゲーム開発エンジニア【ゲームアプリ開発／少数精鋭】,"・業界経験 実務１年以上
・Unity 実務１年以上
・C＃ 趣味or実務１年未満",B,https://paiza.jp/career/job_offers/1165?from=list
151,株式会社リヴァンプ,【若手社員活躍中／服装自由8割以上】超有名小売チェーンの基幹システム刷新PJ他、大規模案件に携われる！,"・業界経験 実務１年以上
・プログラムコーディング 実務１年以上",B,https://paiza.jp/career/job_offers/6465?from=list
152,株式会社シムックスイニシアティブ,IoTデバイス開発エンジニア,・業界経験 実務１年以上,B,https://paiza.jp/career/job_offers/6905?from=list
153,株式会社シムックスイニシアティブ,当社開発製品のサーバー運用、構築エンジニア,・業界経験 実務１年以上,B,https://paiza.jp/career/job_offers/7607?from=list
154,メドピア株式会社,【Ruby未経験OK】Rubyでヘルスケア領域にインパクトを与えるサービス開発エンジニア,・Web開発(サーバサイドエンジニア) 実務１年以上,A,https://paiza.jp/career/job_offers/4615?from=list
155,株式会社アイモバイル,【自社サービス】即戦力求む!＜品質重視／オブジェクト指向設計＞サーバーサイド【モノづくり好き歓迎】,"・Web開発(サーバサイドエンジニア) 実務１年以上
・システム設計 実務１年以上
・C＃, Java, Scala, Ruby, Python2, Python3 のいずれか 実務１年以上",A,https://paiza.jp/career/job_offers/7547?from=list
156,株式会社まちづくりプラットフォーム,リモート可能／急成長中◎観光プラン自動作成サービス開発【Ruby】サーバサイドエンジニア,"・Web開発(サーバサイドエンジニア) 実務１年以上
・Ruby on Rails 実務１年以上
・Ruby 実務１年以上",B,https://paiza.jp/career/job_offers/7534?from=list
157,株式会社Donuts,中高生の約7割が使うライブ配信アプリ「MixChannel」を支えるiOSエンジニア,"・スマートフォンアプリ開発(ソーシャルゲーム含む) 実務１年以上
・Swift 実務１年以上",A,https://paiza.jp/career/job_offers/7513?from=list
158,株式会社Donuts,中高生の約7割が使うライブ配信アプリ「MixChannel」を支えるAndroidエンジニア,"・スマートフォンアプリ開発(ソーシャルゲーム含む) 実務１年以上
・Kotlin 実務１年以上",A,https://paiza.jp/career/job_offers/7514?from=list
159,株式会社クオーレ,オープン系プログラマ募集★エンジニア本人が希望する案件に携われる！【スキルアップ／老舗システム会社】,・業界経験 実務１年以上,C,https://paiza.jp/career/job_offers/6973?from=list
160,デジタルアーツ株式会社,【面接1回のスピード内定も有★】スマートデバイス向けWebフィルタリング開発≪アプリ開発エンジニア≫,"・スマートフォンアプリ開発(ソーシャルゲーム含む) 実務１年以上
・Objective-C, Swift, Java, Kotlin のいずれか 実務１年以上",B,https://paiza.jp/career/job_offers/6836?from=list
161,デジタルアーツ株式会社,【面接1回のスピード内定も有★】≪100％自社開発≫メールフィルタリングソフトの開発エンジニア！,"・業界経験 実務１年以上
・C++ 実務１年以上
・プログラムコーディング 実務１年以上",B,https://paiza.jp/career/job_offers/6835?from=list
162,株式会社ラクーンホールディングス,【フルスタックエンジニアを目指せる／東証一部上場／残業少ない】自社サービスWEBエンジニア,・Web開発(サーバサイドエンジニア) 実務１年以上,A,https://paiza.jp/career/job_offers/133?from=list
163,デジタルアーツ株式会社,【最短面接1回で内定も★】導入実績No1のソフトウェア「i-FILTER」の開発エンジニア募集！,"・C++ 実務１年以上
・プログラムコーディング 実務１年以上",B,https://paiza.jp/career/job_offers/6833?from=list
164,リバティ・フィッシュ株式会社,【Ruby】製薬業界向けクラウドパッケージシステムの開発、保守〈残業月20時間以内〉Rubyスペシャリスト,"・業界経験 実務１年以上
・Ruby on Rails 実務１年以上",C,https://paiza.jp/career/job_offers/1727?from=list
165,有限会社キーノスロジック,名古屋【自社開発／残業少】測量業界を支えるCADシステム開発！プログラマー,・業界経験 実務１年以上,A,https://paiza.jp/career/job_offers/7338?from=list
166,トリプル・ダブリュー・ジャパン株式会社,トイレのタイミングをお知らせ！Androidアプリの開発エンジニアを募集！,"・スマートフォンアプリ開発(ソーシャルゲーム含む) 実務１年以上
・Kotlin 実務１年以上",B,https://paiza.jp/career/job_offers/7365?from=list
167,株式会社エリア,フロントエンドエンジニア◎IT技術を駆使してクライアントの課題を解決！【OJTあり／直取引案件】,・Web開発(フロントエンドエンジニア) 実務１年以上,B,https://paiza.jp/career/job_offers/7283?from=list
168,株式会社エリア,ITを駆使◎直取引メイン／クライアントの課題を解決！【OJTあり】サーバサイドエンジニア,・Web開発(サーバサイドエンジニア) 実務１年以上,B,https://paiza.jp/career/job_offers/7284?from=list
169,株式会社ピー・アンド・ヴァック,研修あり★キャリアアップに積極的な方歓迎します！【年間休日125日／残業20H以下】プログラマ,"・Web開発(フロントエンドエンジニア) 実務１年以上
・プログラムコーディング 実務１年以上
・Java 実務１年以上",B,https://paiza.jp/career/job_offers/7279?from=list
170,一般社団法人全日本ピアノ指導者協会,【音楽×教育×IT】Ruby好き歓迎！音楽文化の発展をサポート◎自社サービス開発／家賃補助有,"・Web開発(サーバサイドエンジニア) 実務１年以上
・Ruby 趣味or実務１年未満",A,https://paiza.jp/career/job_offers/7219?from=list
171,株式会社プロリード,ゲーム好き必見◎経験・スキルを活かしてゲーム開発【ワークライフバランス良／少数精鋭】Unityエンジニア,・Unity 実務１年以上,B,https://paiza.jp/career/job_offers/7220?from=list
172,アルサーガパートナーズ株式会社,エンジニア目線◎質の高いデザインを追求する！【UI設計 / UXの提案】フロントエンドエンジニア,"・Web開発(フロントエンドエンジニア) 実務１年以上
・JavaScript 実務１年以上",B,https://paiza.jp/career/job_offers/6239?from=list
173,株式会社アップクロス,リモート可◎事業拡大により１０名以上『急募』！！【有給消化推奨／キャリアアップ支援】開発エンジニア,・業界経験 実務１年以上,A,https://paiza.jp/career/job_offers/7139?from=list
174,株式会社TryAngle,【半年の経験で条件UP保証】キャリアプラン立てられてますか？エンジニアの経験値を高く評価します。,"・業界経験 実務１年以上
・C＃, Python3, Java, PHP, SQL, JavaScript のいずれか 趣味or実務１年未満",D,https://paiza.jp/career/job_offers/7018?from=list
175,Meetscom株式会社,Web／スマホエンジニア◎スキル・適性に合わせた自社＆受託サービスの開発！【ゼロベース／コアメンバー】,・業界経験 実務１年以上,A,https://paiza.jp/career/job_offers/7041?from=list
176,株式会社エー・アイ・エムスタッフ,開発エンジニア募集★上場企業Slerと取引！スキルに応じたポジションへ参画【Java／技術磨ける会社】,"・Web開発(サーバサイドエンジニア) 実務１年以上
・Web開発(フロントエンドエンジニア) 実務１年以上
・Java 実務１年以上",D,https://paiza.jp/career/job_offers/6920?from=list
177,株式会社ロックウェーブ,100%自社開発。びわ湖岸沿いリゾートでモバイルEC向けクラウドサービス開発。経験言語不問。サーバサイド。,・Web開発(サーバサイドエンジニア) 実務１年以上,B,https://paiza.jp/career/job_offers/6691?from=list
178,アジアクエスト株式会社,働き方改革を支援する！RPAエンジニアを募集【新規事業の立ち上げ／コアメンバー／社会貢献性】,・業界経験 実務１年以上,B,https://paiza.jp/career/job_offers/6376?from=list
179,株式会社ウィルド,Rubyエンジニア★働きやすさ・生産性向上を重視した職場です【東京ワークライフバランス認定企業】,・Web開発(サーバサイドエンジニア) 実務１年以上,B,https://paiza.jp/career/job_offers/6501?from=list
180,株式会社翔泳社,100%自社運営のWebメディア開発をお任せ【PHP／自社／裁量労働／残業少】Webエンジニア,"・Web開発(サーバサイドエンジニア) 実務１年以上
・PHP, Java, Ruby, Python2, Python3, SQL のいずれか 実務１年以上
・プログラムコーディング 実務１年以上",A,https://paiza.jp/career/job_offers/1429?from=list
181,株式会社龍野情報システム,【100%自社開発】【ICT×教育】eラーニングシステムのスマートフォンアプリエンジニア,・スマートフォンアプリ開発(ソーシャルゲーム含む) 実務１年以上,A,https://paiza.jp/career/job_offers/6280?from=list
182,atma株式会社,Vue/Nuxtを用いたWebアプリケーション開発のフロントエンドエンジニア,"・Web開発(フロントエンドエンジニア) 実務１年以上
・Web開発(サーバサイドエンジニア) 趣味or実務１年未満",A,https://paiza.jp/career/job_offers/6291?from=list
183,atma株式会社,Djangoを用いたサーバーサイド/API開発を行うエンジニア募集,・Web開発(サーバサイドエンジニア) 実務１年以上,A,https://paiza.jp/career/job_offers/6292?from=list
184,デジタルサーカス株式会社,★☆『Drupal』でオープンソース開発に参加するチャンスです！【プロジェクトマネージャー】★☆,・業界経験 実務１年以上,A,https://paiza.jp/career/job_offers/6250?from=list
185,株式会社トライグル,【自社プロダクト開発】若手歓迎★主力製品「トリセツ」の事業拡大フェーズでスキルを磨きませんか？【iOS】,"・業界経験 実務１年以上
・Objective-C, Java, C, C++, Python2, Python3 のいずれか 実務１年以上",B,https://paiza.jp/career/job_offers/6230?from=list
186,株式会社TryAngle,【条件UP保証】Try！スキルを身につけて価値ある人材に！エンジニア想いの環境づくりをしています。,・業界経験 実務１年以上,D,https://paiza.jp/career/job_offers/5766?from=list
187,株式会社フォルムス,サーバサイドエンジニア急募★PHP経験活かせる！【Webサイト＆アプリ開発チームへ参画】,・PHP 実務１年以上,C,https://paiza.jp/career/job_offers/6181?from=list
188,株式会社フォルムス,フロントエンドエンジニア◎JavaScriptの経験あればOK！【Webサイト＆アプリ開発に携わる】,・JavaScript 実務１年以上,C,https://paiza.jp/career/job_offers/6183?from=list
189,株式会社インターテック,若手歓迎★放送業界特化！自社プロダクト開発／研修・資格取得支援でスキルアップ！,"・C＃, Java のいずれか 実務１年以上
・システム設計 実務１年以上",C,https://paiza.jp/career/job_offers/5891?from=list
190,マーソ株式会社,【フィーリング重視採用】予防医療の未来を切り開くWebエンジニア！ビジネスのマネタイズまで関わりたい方歓迎,・業界経験 実務１年以上,B,https://paiza.jp/career/job_offers/5912?from=list
191,ファンプレックス株式会社,ゲーム好き歓迎★ゲーム運営のプロ集団と一緒に働ける【グリーグループ企業／C++】クライアントエンジニア,・スマートフォンアプリ開発(ソーシャルゲーム含む) 実務１年以上,B,https://paiza.jp/career/job_offers/5886?from=list
192,ファンプレックス株式会社,ゲーム好き歓迎★ゲーム運営のプロ集団と働ける！【グリーグループ企業／Unity】クライアントエンジニア,・スマートフォンアプリ開発(ソーシャルゲーム含む) 実務１年以上,B,https://paiza.jp/career/job_offers/5887?from=list
193,トゥギャッター株式会社,SPA/PWAやReactNativeをやりたいエンジニア積極採用中！100％自社サービスで技術を磨こう,"・Web開発(フロントエンドエンジニア) 実務１年以上
・JavaScript 実務１年以上",A,https://paiza.jp/career/job_offers/2113?from=list
194,株式会社ミトラ,【自社開発】要件定義～運用・保守まで！一貫して携われる★電子カルテシステムエンジニア,"・Web開発(サーバサイドエンジニア) 実務１年以上
・Web開発(フロントエンドエンジニア) 実務１年以上",B,https://paiza.jp/career/job_offers/5831?from=list
195,株式会社ジーニング,某テーマパークをもっと楽しむ情報を発信★スタートアップで実力を試す／自社開発【swift】iOSエンジニア,"・スマートフォンアプリ開発(ソーシャルゲーム含む) 実務１年以上
・Swift 実務１年以上",A,https://paiza.jp/career/job_offers/5740?from=list
196,株式会社スィンク,名古屋・経験浅歓迎◎オープン系／汎用系プロジェクトに参画！【スキル・キャリアアップ】サーバサイドエンジニア,・業界経験 実務１年以上,C,https://paiza.jp/career/job_offers/5708?from=list
197,ディップ株式会社,残業制限有／スキルアップ支援します★『バイトル』『はたらこねっと』のスマホアプリ開発エンジニア,"・Swift, Objective-C, Java, Kotlin のいずれか 趣味or実務１年未満
・スマートフォンアプリ 実務１年以上",C,https://paiza.jp/career/job_offers/5711?from=list
198,株式会社360Channel,コロプラ子会社★360度VR映像配信【機械学習／UI・UXの知識活かせる】フルスタックエンジニア募集,"・Web開発(サーバサイドエンジニア) 実務１年以上
・スマートフォンアプリ開発(ソーシャルゲーム含む) 実務１年以上",A,https://paiza.jp/career/job_offers/5612?from=list
199,芸者東京株式会社,【サーバー開発エンジニア】[Scalaでの自社サービス開発/ゲーム業界経験不問/ 服装自由],・業界経験 実務１年以上,A,https://paiza.jp/career/job_offers/5392?from=list
200,ファンプレックス株式会社,成長するゲーム運営事業を牽引★ゲーム運営のプロになる【グリーグループ／LAMP】サーバサイドエンジニア,・Web開発(サーバサイドエンジニア) 実務１年以上,B,https://paiza.jp/career/job_offers/5429?from=list
201,株式会社BUZZCAST,【Web開発エンジニア】経験浅OK！新規事業開発メンバー募集！,・Web開発(サーバサイドエンジニア) 実務１年以上,B,https://paiza.jp/career/job_offers/5365?from=list
202,クオンシステム株式会社,《医療従事者の負担軽減に貢献》医療に特化した物品管理システム構築【WLB／社会貢献◎】開発エンジニア,・業界経験 実務１年以上,B,https://paiza.jp/career/job_offers/5190?from=list
203,株式会社VRize,【VR/AR好き歓迎】VR/AR向け広告システムを開発するグラフィックスエンジニア,・業界経験 実務１年以上,A,https://paiza.jp/career/job_offers/5236?from=list
204,エイザス株式会社,製薬業界で新たな概念の独自AIサービスを開発・展開【AI/データ分析に興味のあるエンジニアを募集！】,"・Python3, SQL, Java, C++, C, C＃ のいずれか 実務１年以上",A,https://paiza.jp/career/job_offers/5169?from=list
205,エイザス株式会社,自社AIサービスの開発・運用を担当【AIエンジニア】募集,"・Python3, SQL, Java, C, C++, C＃ のいずれか 実務１年以上",A,https://paiza.jp/career/job_offers/5084?from=list
206,株式会社coly,【自社開発】サーバーサイド／インフラエンジニア（ソーシャルゲーム&Webサービス）,・業界経験 実務１年以上,B,https://paiza.jp/career/job_offers/4987?from=list
207,株式会社アニシス,【実力に応じた評価制度／手当充実】幅広い業界から多彩な案件にチャレンジ可能！【Web開発エンジニア】,・Web開発(サーバサイドエンジニア) 実務１年以上,C,https://paiza.jp/career/job_offers/4817?from=list
208,株式会社ドリームフロンティア,少数精鋭◎最高の仲間たちと面白いことを形に＜金融、官公庁、流通系・・・業界問わずキャリア積める＞SE／PG,・業界経験 実務１年以上,B,https://paiza.jp/career/job_offers/4731?from=list
209,株式会社システム・コンサルタンツ,【IT×金融】大手システム開発にジョイン！【フレックス／評価制度充実／残業少】PG,・業界経験 実務１年以上,C,https://paiza.jp/career/job_offers/2240?from=list
210,株式会社アイ・エー・アイ,★若手歓迎★研修充実◎アナタに合う案件にアサインできます【プロジェクト多数】Webコーダー募集中！,・業界経験 実務１年以上,B,https://paiza.jp/career/job_offers/4568?from=list
211,タクトシステムズ株式会社,★東京【教育体制充実／福利厚生】離職率9％◎真面目な方歓迎！エンジニアとして成長できるプログラマ,・Java 実務１年以上,C,https://paiza.jp/career/job_offers/4315?from=list
212,メディアアクティブ株式会社,アプリエンジニア【開発・運用】育児・教育向けアプリ、社内で自社製品の開発、残業無！,・スマートフォンアプリ 実務１年以上,B,https://paiza.jp/career/job_offers/1242?from=list
213,タクトシステムズ株式会社,大阪UIターン歓迎！【大手直取引がメイン／教育環境充実】離職率9％◎スキルが磨ける開発プログラマ,・Java 実務１年以上,C,https://paiza.jp/career/job_offers/4302?from=list
214,タクトシステムズ株式会社,★大阪勤務【大手直取引がメイン／福利厚生充実】離職率9％◎スキルが磨けるWeb・システム開発エンジニア,"・Java 実務１年以上
・システム設計 実務１年以上",C,https://paiza.jp/career/job_offers/4301?from=list
215,タクトシステムズ株式会社,★東京【大手直取引／福利厚生充実】離職率9％◎真面目な方歓迎！腰を据えて働けるシステム開発エンジニア,"・Java 実務１年以上
・システム設計 実務１年以上",C,https://paiza.jp/career/job_offers/4316?from=list
216,ウム有限会社,エンジニアドリブンの社風◎ソフトウェア開発と運用【直請負／スキルに合わせたプロジェクトへアサイン】SE,"・業界経験 実務１年以上
・システム設計 実務１年以上",B,https://paiza.jp/career/job_offers/4199?from=list
217,トゥギャッター株式会社,Twitterが仕事になる！知名度ナンバーワンの自社サービス「トゥギャッター」を一緒に育てる仲間募集中！,・Web開発(サーバサイドエンジニア) 実務１年以上,A,https://paiza.jp/career/job_offers/3567?from=list
218,タクトシステムズ株式会社,これからのエンジニアを育てます★長岡【大手直取引／教育環境充実】離職率9％◎スキルが磨ける開発プログラマ,・Java 実務１年以上,C,https://paiza.jp/career/job_offers/4280?from=list
219,株式会社Beer and Tech,創業期→成長期へ！最もエキサイティングな植物ベンチャー【少数精鋭／Ruby】Web開発エンジニア,・Ruby on Rails 実務１年以上,B,https://paiza.jp/career/job_offers/4286?from=list
220,株式会社インフォクレスト,京都／IUターン歓迎◎全て自社内開発！Webメディアの機能追加・運用・開発【残業少／PHP】プログラマ,"・業界経験 実務１年以上
・PHP 趣味or実務１年未満",B,https://paiza.jp/career/job_offers/4171?from=list
221,株式会社セイコーポレーション,福岡◎大規模プロジェクトやパッケージソフト開発【キャリアアップ／IUターン歓迎】Javaエンジニア,・Java 実務１年以上,C,https://paiza.jp/career/job_offers/4164?from=list
222,株式会社メイガス,自社内開発◎エンジニア中心の会社でスキルを活かしませんか？【大手案件多数／Java】開発エンジニア,"・Web開発(サーバサイドエンジニア) 実務１年以上
・Java 実務１年以上",B,https://paiza.jp/career/job_offers/4122?from=list
223,株式会社デジタルビジョン,東京◎大手案件多数！保険系システムの開発【少数精鋭／COBOL】保険系開発エンジニア,・COBOL 実務１年以上,B,https://paiza.jp/career/job_offers/4034?from=list
224,株式会社26,新タイトルあり◎スマートフォン向けゲームアプリ開発【アジャイル／技術者中心の会社】Unityエンジニア,"・業界経験 実務１年以上
・Unity 実務１年以上
・ソーシャルゲーム 実務１年以上",B,https://paiza.jp/career/job_offers/3881?from=list
225,株式会社想隆社,【電子書籍×研究開発】デジタル教科書や教育ICTシステムに携わる【チーム開発／フレックス】Webエンジニア,・PHP 実務１年以上,A,https://paiza.jp/career/job_offers/3909?from=list
226,株式会社コーテッグ,少数精鋭チーム◎モバイル向けソーシャルサービス開発【ウルトラアジャイル開発】Webエンジニア,・業界経験 実務１年以上,B,https://paiza.jp/career/job_offers/3832?from=list
227,セルプロモート株式会社,案件も働き方もエンジニアの希望にとことん応える！【大手クライアント案件★100％直取引】Webエンジニア,・業界経験 実務１年以上,C,https://paiza.jp/career/job_offers/3833?from=list
228,株式会社ジェイヤド,充実したエンジニアライフの実現【残業平均10H】Webサービス開発エンジニア,・Web開発(サーバサイドエンジニア) 実務１年以上,B,https://paiza.jp/career/job_offers/3671?from=list
229,株式会社グリーンシステム,多彩なプロジェクト経験を積みスキルアップ！★Web・スマホアプリ開発に強み【残業20時間以内】プログラマ,・業界経験 実務１年以上,C,https://paiza.jp/career/job_offers/3646?from=list
230,株式会社シナジーシステム,定着率100%◎チームでプロジェクトに取り組みます！【スキル・キャリアアップ体制充実】システムエンジニア,"・業界経験 実務１年以上
・システム設計 実務１年以上",B,https://paiza.jp/career/job_offers/3796?from=list
231,株式会社ユーシス,経営者としても育成します★チーム開発◎ITシステムの開発業務【キャリアアップ／福利厚生充実】SE・PG,・業界経験 実務１年以上,C,https://paiza.jp/career/job_offers/3277?from=list
232,株式会社コプロ,【マンガ・アニメ好き歓迎！】有名マンガやアニメのライセンスゲーム開発エンジニア【Unity／福利厚生充実】,"・Unity 実務１年以上
・ソーシャルゲーム 実務１年以上",B,https://paiza.jp/career/job_offers/3615?from=list
233,株式会社グリーンシステム,Web・スマホアプリ開発で実績多数★多様な業界の案件で技術を磨ける【充実の福利厚生】システムエンジニア,"・業界経験 実務１年以上
・システム設計 実務１年以上",C,https://paiza.jp/career/job_offers/3561?from=list
234,株式会社フォルムス,少数精鋭◎Webサイト＆アプリ開発【PHP・JS】バックエンドエンジニア,・PHP 実務１年以上,C,https://paiza.jp/career/job_offers/3215?from=list
235,株式会社フォルムス,少数精鋭◎Webサイト＆アプリ開発【HTML5・CSS3・JS】フロントエンドエンジニア,"・Web開発(フロントエンドエンジニア) 実務１年以上
・JavaScript 実務１年以上",C,https://paiza.jp/career/job_offers/3214?from=list
236,日本融智株式会社,大手案件多数◎長期的に働ける！ソフトウェア開発【OJT充実／社長もエンジニア】開発エンジニア,・業界経験 実務１年以上,C,https://paiza.jp/career/job_offers/3104?from=list
237,リバティ・フィッシュ株式会社,【Java】業務系システム開発　システムエンジニア・プログラマー,・Java 実務１年以上,C,https://paiza.jp/career/job_offers/1730?from=list
238,株式会社ウイサーブ,大手企業と直取引多数！【自社内9割／上流に携われる／離職率低】Webアプリケーションエンジニア,・プログラムコーディング 実務１年以上,C,https://paiza.jp/career/job_offers/829?from=list
239,リバティ・フィッシュ株式会社,【VB.NET】システムエンジニア・プログラマー　残業月20時間以内 幅広い案件で成長できる環境です!,"・VB 実務１年以上
・.NET Framework 実務１年以上",C,https://paiza.jp/career/job_offers/1728?from=list
240,株式会社ヴォイエンシー,あなたの『やりたい』にこたえます！★多様な案件から実績を積める環境です【残業少】Webエンジニア,・業界経験 実務１年以上,C,https://paiza.jp/career/job_offers/2734?from=list
241,大新技研株式会社,佐世保でシステム開発◎要件定義から携われる！【充実の教育制度・福利厚生】SE・PG,・業界経験 実務１年以上,B,https://paiza.jp/career/job_offers/2543?from=list
242,大新技研株式会社,若手歓迎！佐世保でシステム開発◎要件定義から携われる！【充実の教育制度・福利厚生】SE・PG,・業界経験 実務１年以上,C,https://paiza.jp/career/job_offers/2549?from=list
243,バーチャレクス・コンサルティング株式会社,【急成長中／Java】自社ソフトウェアを中心としたシステム企画・開発・導入【システムエンジニア】,"・Web開発(サーバサイドエンジニア) 実務１年以上
・Java 実務１年以上",B,https://paiza.jp/career/job_offers/2395?from=list
244,株式会社アイ・エー・アイ,若手歓迎★研修充実◎アナタに合う案件にアサインできます【プロジェクト多数】Web・オープン系開発エンジニア,・Web開発(サーバサイドエンジニア) 実務１年以上,C,https://paiza.jp/career/job_offers/2405?from=list
245,株式会社システム・コンサルタンツ,【IT×金融】大手機関システムを支える！【フレックス／評価制度充実／残業少】インフラエンジニア,"・インフラ設計 実務１年以上
・インフラ構築 実務１年以上",C,https://paiza.jp/career/job_offers/2263?from=list
246,株式会社エーム,即戦力◎案件豊富！業務システム等開発【自社サービス有／エンジニア重視】Webオープン系エンジニア,・Web開発(サーバサイドエンジニア) 実務１年以上,C,https://paiza.jp/career/job_offers/2076?from=list
247,ビープラッツ株式会社,【自社サービス／自社開発100%】新しいビジネスをサポートするWebアプリケーションエンジニアを募集！,"・Web開発(サーバサイドエンジニア) 実務１年以上
・PHP, Java, C＃, Ruby のいずれか 実務１年以上",C,https://paiza.jp/career/job_offers/2063?from=list
248,株式会社ガスリー,名古屋勤務★大手案件多数！◎基幹系プロジェクトの企画～システム開発【Java／．NET系】プログラマー,・プログラムコーディング 実務１年以上,B,https://paiza.jp/career/job_offers/1936?from=list
249,株式会社デジタルビジョン,大阪◎大手案件多数！保険系システムの開発【少数精鋭／COBOL】保険系開発エンジニア,・COBOL 実務１年以上,B,https://paiza.jp/career/job_offers/1913?from=list
250,GEEKS株式会社,大阪◎通販型総合リユース事業「エコマケ」基幹システムの開発！【少数精鋭／PHP】Webエンジニア,"・Web開発(サーバサイドエンジニア) 実務１年以上
・PHP 実務１年以上",B,https://paiza.jp/career/job_offers/1632?from=list
251,デジタルサーカス株式会社,★☆『Drupal』でオープンソース開発に参加するチャンスです！【フロントエンジニア】★☆,・Web開発(フロントエンドエンジニア) 実務１年以上,A,https://paiza.jp/career/job_offers/1662?from=list
252,ドコドア株式会社,新潟から全国へ◎SEO特化！ホームページ制作のプロ集団！【有給100%／自社開発】フロントエンドエンジニア,・HTML+CSS 実務１年以上,B,https://paiza.jp/career/job_offers/2074?from=list
253,デジタルサーカス株式会社,★☆『Drupal』でオープンソース開発に参加するチャンスです！【開発エンジニア】★☆,"・Web開発(サーバサイドエンジニア) 実務１年以上
・PHP 実務１年以上",A,https://paiza.jp/career/job_offers/1649?from=list
254,株式会社ウイサーブ,【運用から設計・構築へ挑戦したい人歓迎・支援制度が充実】ネットワーク・サーバエンジニア,・インフラ構築 実務１年以上,D,https://paiza.jp/career/job_offers/827?from=list
255,株式会社アニシス,【探してます！】Salesforceエンジニア,"・Web開発(サーバサイドエンジニア) 実務１年以上
・Java 実務１年以上",B,https://paiza.jp/career/job_offers/869?from=list
256,株式会社アニシス,【探してます！】Microsoft Dynamics CRMエンジニア,・C＃ 実務１年以上,B,https://paiza.jp/career/job_offers/868?from=list
